{
  "php": "7.4",
  "jquery": "3.5",
  "wordpress": "5.0",
  "plugins": [
    {
      "name": "WP Fastest Cache",
      "path": "wp-fastest-cache/wpFastestCache.php",
      "warning": true,
      "message": "We have detected a caching plugin! Minified CSS or JavaScript can lead to conflicts with Funnelforms. <a href='https://help.funnelforms.io/das-formular-wird-auf-der-website-nicht-angezeigt'>Check more information here!</a>"
    },
    {
      "name": "LiteSpeed Cache",
      "path": "litespeed-cache/litespeed-cache.php",
      "warning": true,
      "message": "We have detected a caching plugin! Minified CSS or JavaScript can lead to conflicts with Funnelforms. <a href='https://help.funnelforms.io/das-formular-wird-auf-der-website-nicht-angezeigt'>Check more information here!</a>"
    },
    {
      "name": "SiteGround Optimizer",
      "path": "sg-cachepress/sg-cachepress.php",
      "warning": true,
      "message": "We have detected a caching plugin! Minified CSS or JavaScript can lead to conflicts with Funnelforms. <a href='https://help.funnelforms.io/das-formular-wird-auf-der-website-nicht-angezeigt'>Check more information here!</a>"
    },
    {
      "name": "Autoptimize",
      "path": "autoptimize/autoptimize.php",
      "warning": true,
      "message": "We have detected a caching plugin! Minified CSS or JavaScript can lead to conflicts with Funnelforms. <a href='https://help.funnelforms.io/das-formular-wird-auf-der-website-nicht-angezeigt'>Check more information here!</a>"
    },
    {
      "name": "Comet Cache",
      "path": "comet-cache/comet-cache.php",
      "warning": true,
      "message": "We have detected a caching plugin! Minified CSS or JavaScript can lead to conflicts with Funnelforms. <a href='https://help.funnelforms.io/das-formular-wird-auf-der-website-nicht-angezeigt'>Check more information here!</a>"
    },
    {
      "name": "Cache Enabler",
      "path": "cache-enabler/cache-enabler.php",
      "warning": true,
      "message": "We have detected a caching plugin! Minified CSS or JavaScript can lead to conflicts with Funnelforms. <a href='https://help.funnelforms.io/das-formular-wird-auf-der-website-nicht-angezeigt'>Check more information here!</a>"
    },
    {
      "name": "Hummingbird",
      "path": "hummingbird-performance/wp-hummingbird.php",
      "warning": true,
      "message": "We have detected a caching plugin! Minified CSS or JavaScript can lead to conflicts with Funnelforms. <a href='https://help.funnelforms.io/das-formular-wird-auf-der-website-nicht-angezeigt'>Check more information here!</a>"
    },
    {
      "name": "WP Super Cache",
      "path": "wp-super-cache/wp-cache.php",
      "warning": true,
      "message": "We have detected a caching plugin! Minified CSS or JavaScript can lead to conflicts with Funnelforms. <a href='https://help.funnelforms.io/das-formular-wird-auf-der-website-nicht-angezeigt'>Check more information here!</a>"
    },
    {
      "name": "W3 Total Cache",
      "path": "w3-total-cache/w3-total-cache.php",
      "warning": true,
      "message": "We have detected a caching plugin! Minified CSS or JavaScript can lead to conflicts with Funnelforms. <a href='https://help.funnelforms.io/das-formular-wird-auf-der-website-nicht-angezeigt'>Check more information here!</a>"
    },
    {
      "name": "WP-Optimize",
      "path": "wp-optimize/wp-optimize.php",
      "warning": true,
      "message": "We have detected a caching plugin! Minified CSS or JavaScript can lead to conflicts with Funnelforms. <a href='https://help.funnelforms.io/das-formular-wird-auf-der-website-nicht-angezeigt'>Check more information here!</a>"
    },
    {
      "name": "WP Rocket",
      "path": "wp-rocket/wp-rocket.php",
      "warning": true,
      "message": "We have detected a caching plugin! Minified CSS or JavaScript can lead to conflicts with Funnelforms. <a href='https://help.funnelforms.io/das-formular-wird-auf-der-website-nicht-angezeigt'>Check more information here!</a>"
    },
    {
      "name": "Borlabs Cache",
      "path": "borlabs-cache/borlabs-cache.php",
      "warning": true,
      "message": "We have detected a caching plugin! Minified CSS or JavaScript can lead to conflicts with Funnelforms. <a href='https://help.funnelforms.io/das-formular-wird-auf-der-website-nicht-angezeigt'>Check more information here!</a>"
    }

  ],
  "system": {
    "memory": 128
  }
}
